День похищения;Чон Хэён;https://iknigi.net/books_files/covers/thumbs_300/den-pohischeniya-284905.jpg
Элинор Ригби. Хроника Великой любви, приведшей к падению Железного занавеса;Замир Осоров;https://iknigi.net/books_files/covers/thumbs_300/elinor-rigbi-hronika-velikoy-lyubvi-privedshey-kpadeniyu-zheleznogo-zanavesa-291714.jpg
Магия утра. Как первый час дня определяет ваш успех;Хэл Элрод;https://iknigi.net/books_files/covers/thumbs_300/magiya-utra-kak-pervyy-chas-dnya-opredelyaet-vash-uspeh-111296.jpg
Сказки. Басни;Николай Самойлов;https://iknigi.net/books_files/covers/thumbs_300/skazki-basni-84781.jpg
Возвращение;Эрих Мария Ремарк;https://iknigi.net/books_files/covers/thumbs_300/vozvraschenie-34880.jpg
Хочу познать я мир. Сборник стихов;Александр Чумаков;https://iknigi.net/books_files/covers/thumbs_300/hochu-poznat-yamir-sbornik-stihov-290992.jpg
Родовая земля;Александр Донских;https://iknigi.net/books_files/covers/thumbs_300/rodovaya-zemlya-161945.jpg
Ручьём серебряным к Байкалу;Александр Донских;https://iknigi.net/books_files/covers/thumbs_300/ruchem-serebryanym-k-baykalu-188393.jpg
Летописи Белогорья. Ведун. Книга 1;Дмитрий Баранов;https://iknigi.net/books_files/covers/thumbs_300/letopisi-belogorya-vedun-kniga-1-271583.jpg
Божий мир (сборник);Александр Донских;https://iknigi.net/books_files/covers/thumbs_300/bozhiy-mir-sbornik-195793.jpg
1984. Справочник для живущих;Джордж Оруэлл;https://iknigi.net/books_files/covers/thumbs_300/1984-spravochnik-dlya-zhivuschih-242636.jpg
Этюды черни;ОЛЬГА УСКОВА;https://iknigi.net/books_files/covers/thumbs_300/etyudy-cherni-266846.jpg
Отец и мать;Александр Донских;https://iknigi.net/books_files/covers/thumbs_300/otec-i-mat-174902.jpg
Охотники за скальпами;Томас Майн Рид;https://iknigi.net/books_files/covers/thumbs_300/ohotniki-za-skalpami-10162.jpg
Сага о хварангах;Дмитрий Сухтэ;https://iknigi.net/books_files/covers/thumbs_300/saga-ohvarangah-259653.jpg
Краеугольный камень;Александр Донских;https://iknigi.net/books_files/covers/thumbs_300/kraeugolnyy-kamen-254866.jpg
Репутация в сети. Как формировать репутацию в сети, создавать фанатов своего бренда и защищаться от информационных атак;Никита Прохоров;https://iknigi.net/books_files/covers/thumbs_300/reputaciya-v-seti-kak-formirovat-reputaciyu-v-seti-sozdavat-fanatov-svoego-brenda-i-zaschischatsya-ot-informacionnyh-atak-213365.jpg
Хорошие деньги;Александр Донских;https://iknigi.net/books_files/covers/thumbs_300/horoshie-dengi-231583.jpg
Джура;Георгий Тушкан;https://iknigi.net/books_files/covers/thumbs_300/dzhura-2433.jpg
Томек в Гран-Чако;Альфред Шклярский;https://iknigi.net/books_files/covers/thumbs_300/tomek-v-gran-chako-7524.jpg
Бойня номер пять. Добро пожаловать в обезьянник;Курт Воннегут;https://iknigi.net/books_files/covers/thumbs_300/boynya-nomer-pyat-dobro-pozhalovat-v-obezyannik-218805.jpg
Большая книга семейной мудрости;Сборник;https://iknigi.net/books_files/covers/thumbs_300/bolshaya-kniga-semeynoy-mudrosti-122786.jpg
Детский остров;Саша Чёрный;https://iknigi.net/books_files/covers/thumbs_300/detskiy-ostrov-26277.jpg
Ведьмы за границей;Терри Пратчетт;https://iknigi.net/books_files/covers/thumbs_300/vedmy-za-granicey-122471.jpg
Сборник статей и публикаций 2012-2013 гг. В двух частях. Часть II;Фёдор Шкруднев;https://iknigi.net/books_files/covers/thumbs_300/sbornik-statey-i-publikaciy-2012-2013-gg-v-dvuh-chastyah-chast-ii-134179.jpg
Разведение и выращивание страусов;Илья Мельников;https://iknigi.net/books_files/covers/thumbs_300/razvedenie-i-vyraschivanie-strausov-51704.jpg
Полное собрание сочинений. Том 9–12. Война и мир;Лев Толстой;https://iknigi.net/books_files/covers/thumbs_300/polnoe-sobranie-sochineniy-tom-912-voyna-i-mir-81942.jpg
Слепота;Жозе Сарамаго;https://iknigi.net/books_files/covers/thumbs_300/slepota-12065.jpg
Ленд-лиз. Дороги в Россию. Военные поставки США для СССР во Второй Мировой войне. 1941-1945;Роберт Джонс;https://iknigi.net/books_files/covers/thumbs_300/lend-liz-dorogi-v-rossiyu-voennye-postavki-ssha-dlya-sssr-vo-vtoroy-mirovoy-voyne-1941-1945-98493.jpg
Карманный счетчик калорий;Юлия Лужковская;https://iknigi.net/books_files/covers/thumbs_300/karmannyy-schetchik-kaloriy-23017.jpg
Интуиция дурака, или Как достать халявный миллион решений;Мирзакарим Норбеков;https://iknigi.net/books_files/covers/thumbs_300/intuiciya-duraka-ili-kak-dostat-halyavnyy-million-resheniy-106726.jpg
Трейдинг. Первые шаги;Александр Элдер;https://iknigi.net/books_files/covers/thumbs_300/treyding-pervye-shagi-124594.jpg
Самый лучший учебник журналистики. Кисло-сладкая книга о деньгах, тщеславии и президенте;Матвей Ганапольский;https://iknigi.net/books_files/covers/thumbs_300/samyy-luchshiy-uchebnik-zhurnalistiki-kislo-sladkaya-kniga-o-dengah-tscheslavii-i-prezidente-64217.jpg
По ту сторону реки. Ярилина рукопись;Марина Козинаки;https://iknigi.net/books_files/covers/thumbs_300/yarilina-rukopis-102839.jpg
Налоговое право: Учебник для вузов;Сергей Пепеляев;https://iknigi.net/books_files/covers/thumbs_300/nalogovoe-pravo-uchebnik-dlya-vuzov-123360.jpg
Караваль;Стефани Гарбер;https://iknigi.net/books_files/covers/thumbs_300/karaval-126064.jpg
Книга предсказаний. Пророчества, которые сбудутся;Вера Склярова;https://iknigi.net/books_files/covers/thumbs_300/kniga-predskazaniy-prorochestva-kotorye-sbudutsya-134447.jpg
Происхождение жизни. От туманности до клетки;Михаил Никитин;https://iknigi.net/books_files/covers/thumbs_300/proishozhdenie-zhizni-ot-tumannosti-do-kletki-115045.jpg
Правдивые сны. Толкование снов от Ванги, Фрейда, Нострадамуса;Вера Склярова;https://iknigi.net/books_files/covers/thumbs_300/pravdivye-sny-tolkovanie-snov-ot-vangi-freyda-nostradamusa-134448.jpg
Пространство целей;Филипп Богачев;https://iknigi.net/books_files/covers/thumbs_300/prostranstvo-celey-161794.jpg
Как стать счастливым и успешным человеком. Двадцать глав, которые изменят вашу жизнь навсегда;Александр Романов;https://iknigi.net/books_files/covers/thumbs_300/kak-stat-schastlivym-i-uspeshnym-chelovekom-dvadcat-glav-kotorye-izmenyat-vashu-zhizn-navsegda-161375.jpg
Двоедушник;Рута Шейл;https://iknigi.net/books_files/covers/thumbs_300/dvoedushnik-121910.jpg
Тренинг на основе идей Экхарта Толле. Новая жизнь, полная счастья;Марк Бакнер;https://iknigi.net/books_files/covers/thumbs_300/trening-na-osnove-idey-ekharta-tolle-novaya-zhizn-polnaya-schastya-149891.jpg
Настанет день;Деннис Лихэйн;https://iknigi.net/books_files/covers/thumbs_300/nastanet-den-76968.jpg
Как удачно выйти замуж;Университет жизни;https://iknigi.net/books_files/covers/thumbs_300/kak-udachno-vyyti-zamuzh-175203.jpg
Будничная работа;Эрик Рассел;https://iknigi.net/books_files/covers/thumbs_300/budnichnaya-rabota-35890.jpg
Позитивная иррациональность. Как извлекать выгоду из своих нелогичных поступков;Дэн Ариели;https://iknigi.net/books_files/covers/thumbs_300/pozitivnaya-irracionalnost-kak-izvlekat-vygodu-iz-svoih-nelogichnyh-postupkov-170776.jpg
Город и город;Чайна Мьевиль;https://iknigi.net/books_files/covers/thumbs_300/gorod-i-gorod-182869.jpg
Сок сельдерея. Природный эликсир энергии и здоровья;Энтони Уильям;https://iknigi.net/books_files/covers/thumbs_300/sok-seldereya-prirodnyy-eliksir-energii-i-zdorovya-180386.jpg
Метафорические ассоциативные карты. Полный курс для практики;Михаил Ингерлейб;https://iknigi.net/books_files/covers/thumbs_300/metaforicheskie-associativnye-karty-polnyy-kurs-dlya-praktiki-182803.jpg
